{
"skeleton": { "hash": "kevujwUg9HteiCLKGJhva5z9TAo", "spine": "3.6.53", "width": 113, "height": 71, "images": "./images/" },
"bones": [
	{ "name": "root" },
	{ "name": "tophu", "parent": "root", "x": -0.39, "y": -5.07 },
	{ "name": "tophu2", "parent": "root", "x": -0.39, "y": -5.07 },
	{ "name": "vm", "parent": "root", "length": 37.58, "rotation": 86.86, "x": -0.39, "y": 5.21 }
],
"slots": [
	{ "name": "vm", "bone": "vm", "attachment": "vm" },
	{ "name": "vm2", "bone": "vm", "color": "ffffff00", "attachment": "vm", "blend": "additive" },
	{ "name": "tophu", "bone": "tophu", "attachment": "tophu" },
	{ "name": "tophu4", "bone": "tophu2", "color": "ffffff00", "attachment": "tophu", "blend": "additive" }
],
"skins": {
	"default": {
		"tophu": {
			"tophu": { "x": 1.33, "y": 3.4, "width": 113, "height": 40 }
		},
		"tophu4": {
			"tophu": { "x": 1.33, "y": 3.4, "width": 113, "height": 40 }
		},
		"vm": {
			"vm": { "x": 15.67, "y": -0.47, "rotation": -86.86, "width": 77, "height": 57 }
		},
		"vm2": {
			"vm": { "x": 15.67, "y": -0.47, "rotation": -86.86, "width": 77, "height": 57 }
		}
	}
},
"animations": {
	"animation": {
		"slots": {
			"tophu4": {
				"color": [
					{
						"time": 0,
						"color": "ffffff00",
						"curve": [ 0.25, 0, 0.75, 1 ]
					},
					{
						"time": 0.2667,
						"color": "ffffff88",
						"curve": [ 0.25, 0, 0.75, 1 ]
					},
					{
						"time": 0.5,
						"color": "ffffff00",
						"curve": [ 0.25, 0, 0.75, 1 ]
					},
					{
						"time": 0.9333,
						"color": "ffffff88",
						"curve": [ 0.25, 0, 0.75, 1 ]
					},
					{ "time": 1.3333, "color": "ffffff00", "curve": "stepped" },
					{
						"time": 1.5,
						"color": "ffffff00",
						"curve": [ 0.25, 0, 0.75, 1 ]
					},
					{
						"time": 1.7667,
						"color": "ffffff88",
						"curve": [ 0.25, 0, 0.75, 1 ]
					},
					{ "time": 2, "color": "ffffff00" }
				]
			},
			"vm2": {
				"color": [
					{
						"time": 0,
						"color": "ffffff00",
						"curve": [ 0.847, 0, 0.75, 1 ]
					},
					{ "time": 0.3667, "color": "ffffff51", "curve": "stepped" },
					{
						"time": 0.6333,
						"color": "ffffff51",
						"curve": [ 0.25, 0, 0.75, 1 ]
					},
					{ "time": 1, "color": "ffffff00" }
				]
			}
		},
		"bones": {
			"vm": {
				"rotate": [
					{ "time": 0, "angle": 0, "curve": "stepped" },
					{
						"time": 0.2333,
						"angle": 0,
						"curve": [ 0.25, 0, 0.75, 1 ]
					},
					{
						"time": 0.3667,
						"angle": 4.29,
						"curve": [ 0.25, 0, 0.75, 1 ]
					},
					{
						"time": 0.5,
						"angle": -3.3,
						"curve": [ 0.25, 0, 0.75, 1 ]
					},
					{
						"time": 0.6333,
						"angle": 4.29,
						"curve": [ 0.25, 0, 0.75, 1 ]
					},
					{ "time": 0.7667, "angle": 0, "curve": "stepped" },
					{ "time": 1, "angle": 0, "curve": "stepped" },
					{ "time": 2, "angle": 0 }
				],
				"translate": [
					{
						"time": 0,
						"x": 0,
						"y": 0,
						"curve": [ 0.25, 0, 0.75, 1 ]
					},
					{ "time": 0.2333, "x": 0, "y": 6.5, "curve": "stepped" },
					{
						"time": 0.7667,
						"x": 0,
						"y": 6.5,
						"curve": [ 0.25, 0, 0.75, 1 ]
					},
					{ "time": 1, "x": 0, "y": 0, "curve": "stepped" },
					{ "time": 2, "x": 0, "y": 0 }
				],
				"scale": [
					{ "time": 0, "x": 1, "y": 1, "curve": "stepped" },
					{ "time": 0.2333, "x": 1, "y": 1, "curve": "stepped" },
					{ "time": 0.7667, "x": 1, "y": 1, "curve": "stepped" },
					{ "time": 1, "x": 1, "y": 1, "curve": "stepped" },
					{ "time": 2, "x": 1, "y": 1 }
				]
			},
			"tophu": {
				"scale": [
					{
						"time": 0,
						"x": 1,
						"y": 1,
						"curve": [ 0.25, 0, 0.75, 1 ]
					},
					{
						"time": 0.2667,
						"x": 1.066,
						"y": 1.066,
						"curve": [ 0.25, 0, 0.75, 1 ]
					},
					{
						"time": 0.5,
						"x": 1,
						"y": 1,
						"curve": [ 0.25, 0, 0.75, 1 ]
					},
					{
						"time": 0.7667,
						"x": 1.066,
						"y": 1.066,
						"curve": [ 0.25, 0, 0.75, 1 ]
					},
					{
						"time": 1,
						"x": 1,
						"y": 1,
						"curve": [ 0.25, 0, 0.75, 1 ]
					},
					{
						"time": 1.2667,
						"x": 1.066,
						"y": 1.066,
						"curve": [ 0.25, 0, 0.75, 1 ]
					},
					{
						"time": 1.5,
						"x": 1,
						"y": 1,
						"curve": [ 0.25, 0, 0.75, 1 ]
					},
					{
						"time": 1.7667,
						"x": 1.066,
						"y": 1.066,
						"curve": [ 0.25, 0, 0.75, 1 ]
					},
					{ "time": 2, "x": 1, "y": 1 }
				]
			},
			"tophu2": {
				"scale": [
					{
						"time": 0,
						"x": 1,
						"y": 1,
						"curve": [ 0.25, 0, 0.75, 1 ]
					},
					{
						"time": 0.2667,
						"x": 1.066,
						"y": 1.066,
						"curve": [ 0.25, 0, 0.75, 1 ]
					},
					{
						"time": 0.5,
						"x": 1,
						"y": 1,
						"curve": [ 0.25, 0, 0.75, 1 ]
					},
					{
						"time": 1.3333,
						"x": 1.3,
						"y": 1.3,
						"curve": [ 0.25, 0, 0.75, 1 ]
					},
					{
						"time": 1.5,
						"x": 1,
						"y": 1,
						"curve": [ 0.25, 0, 0.75, 1 ]
					},
					{
						"time": 1.7667,
						"x": 1.066,
						"y": 1.066,
						"curve": [ 0.25, 0, 0.75, 1 ]
					},
					{ "time": 2, "x": 1, "y": 1 }
				]
			}
		}
	}
}
}